id,name,location,timing,req_time,fee,des,no_votes
1,Carter Road,Bandra,24 hrs,1 - 3 hrs,0,Situated next to Bandstand Promenade just next to Bandra Carter Road is one of the most happening and popular hangout places among the Mumbaikars. The locale is a haven for foodies owing to its bazillion food options from the umpteen eateries situated on the sidewalk. Replete with numerous pubs big brand stores and an enchanting coastline the region is thronged by locals and tourist alike. Alongside is the namesake promenade which is a 1.25 kms walkway along the Arabian Sea with concrete monotone pathways a huge yet charming gazebo and a vermicomposting setup to generate solar and wind energy.,30
2,Bandstand,Bandra,24 hrs,1 - 3 hrs,0,Bandra Bandstand or Bandstand Promenade is the popular promenade in the queen suburbs of Bandra in Mumbai. It boasts of a joggers’ strip and a park making it quite a popular hangout spot. Dotted with food junctions and sprinkled with hawkers selling street snacks the promenade is replete with swarms of people at all points of the day. Besides presenting an enthralling picture of the adjacent sea and the mesmerising skyline Bandstand also boasts of being Shahrukh Khan’s residential place which is a major pull for the tourists.,30
3,Uran,Navi Mumbai,24 hrs,1 - 2 hrs,0,Situated at the end of Navi Mumbai Uran lies in the Konkan division between Panvel and Karjat. Primarily a tiny fishing and agriculture village Uran has several beaches to its attribute- the most popular of which are Pirvad Mankeshwar and ONGC. Surrounded by water bodies on three sides the village is just attached to the land from the side of Raigarh district. Pirvad is the most frequented beach with plenty of tourists visiting it every day Mankeshwar is considered to be a religious beach owing to the grand temple of Lord Shiva situated at the seaside itself. Whereas ONGC is popular for housing the gas plant at the beach.,30
4,Worli Sea Face,South Mumbai,24 hrs,1 - 2 hrs,0,Worli Seaface is one of the most prominent promenades in Mumbai and is located right along the Arabian Sea. The exuberant area with lashing waves and gushing waters of the Arabian Sea is situated in Worli Mumbai and is popularly called Worli Sea Face. Home to the rich and affluent residential colonies the posh locale is also a major business district. Extending from Worli Fort in the north to Prabhadevi in the south the seafront offers picturesque vistas of the endless blue sea with a hazy image of Haji Ali Dargah in the distance. The major attractions of the Worli Sea Face are the quaint Worli Fort Bandra- Worli Sea Link Haji Ali Dargah etc.,30
5,Kalamb Beach,Mumbai,24 hrs,1 - 2 hrs,0,Located in Nalasopara in Thane district of Maharashtra is the really long and secluded Kalamb Beach. A paradise away from the din of the city the beach is beautiful owing to its tranquility serenity and an altogether mesmerising panorama. With very few shacks and just the right number of eateries Kalamb Beach offers a wonderful vista of landscape and seascape. Hemmed with pretty palm trees sprinkled with resorts and gracefully blessed with silken black sand; the beach is an absolute treat to just laze around in a hammock or sunbathe under the open skies.,30
6,Aksa Beach,Western Suburbs,24 hrs,1 - 2 hrs,0,Located a little on the outskirts of the city in Malad Aksa Beach is an unparalleled oasis for a rejuvenating retreat from the hustle bustle of the city traffic. The beach no doubt owes most of its fame to the song ‘Tujhe Aksa Beach ghuma du’ from the hot shot Bollywood movie but is lately becoming a choicest pick among tourists seeking tranquility and peace from the mainstream chowpattis in Bombay. The mesmerising coastline is one of the longest in the city and offers an extremely vivid and surreal panorama of the merging horizon ahead. The beach is still untouched by the city crowds and hence maintains its natural charm apart from being immaculately clean.,30
7,Dadar Chowpatty Beach,South Mumbai,24 hrs,1 - 2 hrs,0,As the name suggests Dadar Chowpatty Beach is situated in the Dadar suburbs of Mumbai. Majorly popular for the giant view of the Bandra Worli Sea Link bridge this beach is customarily used for jogging and watching beautiful sunsets. Located in South Bombay the beach is frequented by residential locals coming for an evening stroll early morning yoga or to spend some leisure time. The absence of shacks and eateries ward off the tourists a little bit. However as of now the beach also presents an ugly picture as it has become a dump yard of local filth and a victim of city pollution. The government has been actively working for the renovation and beautification of Dadar Chowpatty.,30
8,Versova Beach,Andheri,24 hrs,1 - 2 hrs,0,A continuation of Juhu Beach towards the Andheri suburbs Versova Beach is comparatively less crowded and only separated by a creek from the former beach. Versova is essentially a fishing village inhabited by Kolis (fisherfolks) situated in the vicinity of the beach and is a hotbed for fish trade. The beach is rather small but is extremely popular for the humongous fish market and the fish auctions held at the spot on a daily basis. Separated by huge rock boulders to keep the village safe from the sea waves and tides the beach attracts tourists owing to its natural beauty and surreal horizon views.,31
9,Marve Beach,Western Suburbs,24 hrs,2 - 3 hrs,0,Away from the industrial pollution and the chaotic city life Marve Beach is situated in Malad in the western suburbs of Mumbai. Due to the strong tides and currents it is generally not recommended to swim in the sea waters or even to step aside post evening hours. Lined by cashew nut trees and elite villas the beach is a charming spot to spend some quiet time with your loved ones. Mostly frequented by couples owing to the romantic appeal and idyllic setting the beach is also visited by college troupes and families occasionally.,30
10,Madh Island,Western Suburbs,24 hrs,3 - 4 hrs,0,Madh Island an island located off the coast on Mumbai is home to umpteen villages farmlands and surreal vistas. In recent times it has found popularity as a weekend destination among the rich and elite of Mumbai. Dotted with quaint settlements and lush green farms Madh Island is a respite from the glitterati and dazzling environs of the city and can be reached by an hour’s drive or a ferry ride from the city. The island is bordered by the Arabian Sea on the west and Malad Creek on the east. Primarily inhabited by Kolis Marathis and Roman Catholics it also has several luxury resorts to give you a respite from city life.,30
11,Gorai Beach,Western Suburbs,24 hrs,2 - 3 hrs,0,Located in the north suburb of Mumbai 40 kms from the main city Gorai Beach is one the cleanest most tranquil and one of the most frequented beaches of Mumbai. Located near Bhayandar on the Gorai Creek the soothing calmness of this beach bordering the Arabian Sea makes for a perfect leisure weekend vacation. Other than the umpteen food shacks and street food options available at the spot the beach is also replete with resorts and beach houses. Other than the numerous water sports camel rides boat rides and fun picnics you can also rent one of these cottages to have a quiet private time with your friends and family.,30
12,Mount Mary Church,Bandra,6:00 AM - 9:00 PM,1-2 hrs,0,The Basilica of Our Lady of the Mount commonly called as the Mount Mary Church by the locals is a Roman Catholic Church situated atop a hillock 262 feet above sea level and is one of the finest specimens of its kind. Located in the suburbs of the vibrant city of Mumbai the church enjoys a stunning view of the joyfully bustling Arabian Sea as it beautifully reflects different shades of blue.,32
13,Mahipatagad Trek,Mumbai,6:00 AM - 9:00 PM,,0,Mahipatagad is a hill fort in the state of Maharashtra. Mahipatagad is a twin fort of Rasalgad located in the Ratnagiri district.,35
14,Jama Masjid Mumbai,Mumbai,5:00 AM - 9:00 PM,1-2 hrs,0,Just a kilometre and a half away from Mumbai Chhatrapati Shivaji Terminus the Jama Masjid popularly known as Friday Mosque is the oldest mosque in the city of dreams - Mumbai. A popular place of pilgrimage this mosque stands majestically on the renowned Sheikh Menon Street near Crawford Market in the southern part of Mumbai. The mosque boasts of beautiful and intricate carvings breathtaking artworks and the fascinating marble stonework and has a fascinating history attached to it. A day trip to this mosque in blissful solitude will make you feel relaxed and peaceful to the core as tranquillity and peace will overpower your senses.,35
15,Jivdhan Trek,Mumbai,5:00 AM - 9:00 PM,,0,Jivdhan is a hill fort in the state of Maharashtra. It is a part of the 'famous five' fort in the Sahyadri mountain range. The other forts which are a part of the famous five include Naneghat Shivneri Chavand and Hadsar.,35
16,Mahuli Trek,Mumbai,5:00 AM - 9:00 PM,,0,Mahuli is a hill fort in Maharashtra. Located in the district of Thane the peak of the fort rises to an elevation of 2700 feet from the ground. The summit is actually a collection of 2-3 hills all having typical names.,35
17,Haji Malang Dargah and Trek,Mumbai,6:00 AM - 10:00 PM,24 hrs,0,Sri Malang gad is a fort near Kalyan in the Raigad district of Maharashtra. It is known popularly as Haji Malang which is one of the most famous among the three sufi shrines located on the hill. The structure of the fort is three-storeyed and each tier has a specific name.,36
18,Naneghat,Mumbai,6:00 AM - 10:00 PM,,0,Situated at a height of 2600 feet Naneghat is a mountain pass through the Sahyadri Mountain Range in Maharashtra that connects the Konkan sea coast with the old town of Junnar in the Deccan. Once an important corridor link through the Ghatghar forest between the coastal region and the important towns inland Naneghat is now a loved and much-frequented route for the trekkers and explorers. Boasting the trademark beauty of lush greens amidst patches of dusty terrain typical to this region Naneghat is a treat to the eyes to the soul and to the nature-loving adventure-seeking mind.,35
19,Jehangir Art Gallery,Fort Mumbai,11:00 AM - 7:00 PM,1-2 hrs,0,Jehangir Art Gallery is located at Kalaghoda in Southern Mumbai and is one of the most prestigious venues for artists to display and showcase their work. The formation of the gallery was funded by Cowasji Jehangir and it has served its artful pursuits ever since it was established in 1952. Named after Sir Cowasji's late son Jehangir the gallery has hosted the works of famous artists such as M. F. Hussain and S. H. Raza. A haven for art lovers this destination is well known for its splendid art exhibits. Such is the prestige of this art venue that artists have to wait for as long as two years before they can open their exhibits here.,71
20,Bhimashankar Trek,Mumbai,11:00 AM - 7:00 PM,,0,Located in the beautiful expanses of the Western Ghats the Bhimashankar Trek takes you through the thickets of the Bhimashankar jungles right up to the temple. Bhimashankar is located in the village Bhorgiri in the ghat region of the Sahyadri range. Situated at a height of around 3250 feet Bhimashankar is surrounded by hills and is covered by thick green rainforests. Legend has it that the name Bhimashankar was originated from the river Bhima which evaporated due to the generated between the war of Lord Shiva and the demon Tripurasura. It is considered to be one of the holiest places in India because of the jyotirlinga. Bhimashankar is also a popular destination for trekkers. Bhimashankar Wildlife Sanctuary is another important reason why people come here.,35
21,Mahalaxmi temple Mumbai,South Mumbai,6:00 AM - 10:00 PM,1-2 hours,0,The Mahalaxmi Temple is one of the oldest temples situated in the city of Mumbai. Located on the Bhulabai Desai Road in Mahalaxmi West it is dedicated to Goddess Mahalaxmi or the 'Goddess of Wealth'. The temple was built sometime around the 16th - 17th century and the main presiding deity here is Goddess Laxmi while Goddess Kali and Saraswati are other two deities worshipped here. Together the three idols are known as Mahalaxmi Mahakali and Mahasaraswati. Thronged with devotees and tourists in large number throughout the year the temple is a must visit if you are visiting Mumbai.,74
22,Makarandgad Trek,Mumbai,6:00 AM - 10:00 PM,,0,Makarandgad (or Madhumakarandgad) is a hill fort in the state of Maharashtra. Believed to be comprised of twin peaks Madhu and Makarandgad the fort has thus derived its name.,35
23,Hill Road and Linking Road Bandra,Bandra,24 hours,0 hrs,0,Hill Road is a famous place for shopping and rejuvenation in Mumbai. It is basically an arterial road running through Mumbai that connects the intersection near Bandra Railway Station and S V Road. It is officially known as Ramdas Nayak Road but is called Hill Road because it goes over a hilly slope. This area of Bandra is famous for street shopping eating and hanging out. In Bandra this is also one of the places where people can find general stores hardware stores and also contractors for home services like plumbing carpentry painting etc. A couple of prominent hospitals some century-old monuments and landmarks are also found around Hill Road.,65
24,Lokhandwala Market,Andheri,Time Required : 2-3 hrs,,0,A visit to Mumbai is of course incomplete without shopping for some nice clothes and accessories and this is when the Lokhandwala Market comes to the rescue! This local market has gained much popularity over the past few years and is now the one-stop shop to ticking off all items from your shopping list on your next visit to Mumbai. Located in western Mumbai near Andheri the Lokhandwala Market is one of the most popular suburbs. The area is one of the poshest in Mumbai and also houses a large commercial and residential complex but it is the long stretch of roadside stalls and shops that characterise the much loved Lokhandwala Market.,65
25,Mahakali Caves,Andheri,9:00 AM - 4:00 PM,0-1 hrs,0,Mahakali Caves also known as Kondivite Caves are centuries old and are located in the western part of the city of Mumbai in Andheri. Mahakali Caves comprise a total of nineteen rock-cut monuments built between 1st and 6th century. The main cave consists of Buddha figures and stupas and there are several Buddha idols carved on the rocks too. These solid basalt caves are a favourite place for history lovers and archaeologists. Surprisingly clean and efficiently maintained the caves are far from the city area hence give a sense of serenity.,66
26,Global Vipassana Pagoda,Mumbai,6.30 AM to 6.45 PM,1-2 hrs,0,It is tough to imagine that one of the quietest and most peaceful spaces can exist right in the middle of the busy suburbs of Gorai in Mumbai. The Global Vipassana Pagoda is a meditation hall shaped like a dome with a capacity to seat of 8000 devotees and Vipassana practitioners. Along with admiring the serenely mesmerizing Pagoda located on a peninsula between Gorai creek and the Arabian Sea. Another interesting facet of the monument is that it has been completely through donations. Visitors can take a short 10-minute Aanapana Meditation session to experience how invaluable the technique of meditation is and then decide if they want to enrol for a long term course. No matter what the verdict is a trip to the Global Pagoda will be worthwhile.,72
27,Water Sports in Mandwa Beach,Mumbai,6.30 AM to 6.45 PM,,0,A beautiful serene and pristine beach in Mandwa Village is not just about quite long walks along the coast but also offers the buzz of water sports.,35
28,Girgaum Chowpatty,South Mumbai,7:00 PM - 3:00 AM,1-2 hrs,0,Popularly known as Chowpatty the beach is located in southern Mumbai along the western railway route. This small sandy beach is a popular place to chill and a must visit for all tourists who visit Marine Drive for the first time.,82
29,Kanheri Caves,Western Suburbs,7:30 AM - 5:00 PM Tuesday-Sunday (Closed on Mondays),3-4 hours,100,Located in the Sanjay Gandhi National Park near Borivali in Mumbai the Kanheri Caves in Mumbai are a group of rock - cut monuments in the form of caves. The caves and the paintings themselves illustrate the Buddhist influence on the Indian art and culture. The caves are famous for their 109 special entrances as well as for their ancient sculptures carvings paintings and inscriptions dating back to the 1st century to the 10th century that adorn their basalt formations. Standing in sharp contrast to the verdant greenery of the surrounding hills Kanheri Caves can be accessed through a series of rock cut steps.,71
30,Gorakhgad Trek,Mumbai,,,0,Gorakhgad is a hill fort in Maharashtra. Gorakhgad and Machindragad are twin forts in the Thane district of Maharashtra. Gorakhgad is situated at an elevation higher than its twin fort.,35
31,ISKCON Temple Mumbai,Juhu,4:30 AM - 8:30 PM,3 hours,0,ISCKON Temple is a divine and spiritual getaway from all the hustle and bustle of the capital city of Mumbai. Dedicated to Lord Krishna who is considered as the eighth avatar of Lord Vishnu the temple is clad in marble and glass. Meters away from the Juhu Beach incorporating Iskcon Temple in your weekend plans might just be the perfect peaceful escape you are looking for. This place has a tranquil feel about it and the in-house vegetarian restaurant serves exceptional food at cheap rates.,65
32,KidZania Mumbai,Mumbai,10:00 AM - 3:00 PM and 3:00 PM - 8:00 PM,4 - 5 hrs,950,KidZania basically is an indoor attraction or a themed amusement park that spreads across an area of 1.73 acres. It is a fun attraction made especially for children within the age of 2 and 16. Its core concept is to have an interactive platform where children can feel inspired and learn through fun activities. The aim of the attraction is also to create a global entertainment and learning brand to contribute towards the growth of children by motivating empowering and educating them in a unique city-like Atmosphere. All of these activities are conducted in a safe environment. There are CCTV Cameras medical aid secured entry with RFID security bracelets and a controlled indoor environment to make it comfortable as well as enjoyable for the visitors. KidZania also has a highly trained and experienced staff that guides the participants through the activities and provides complete knowledge about the activities.,0
33,Kamala Nehru Park,South Mumbai,5:00 AM - 9:00 PM,1-2 hrs,0,Kamala Nehru Park is a famous recreational attraction located in the heart of the city. It is a favourite spot for jogging walks or just for spending some time away from the hustle and bustle of the routine life. The Park is also in close proximity from some colleges schools and hostels. So one would find groups of students exercising or just hanging out after a busy day. Having said that it is a great place for people belonging to all age groups. People get their children; the elderlies visit and parents also steal some time off from their home and work lives.,71
34,Chhatrapati Shivaji Terminus,South Mumbai,All time,0-1 hrs,0,Chhatrapati Shivaji Terminus (CST) formerly known Victoria Terminus is a modern yet archaic railway station in the bustling capital city of Maharashtra - Mumbai. The marvellous structure is the perfect example of the Victorian-Gothic style of architecture in India and was built in 1878. In fact the railway station which still functions as usual waas a World Heritage Site under UNESCO in 1997. The station is always bustling with the sounds of the metro city and the locals. It is a bustling railway terminus but there are some corners of it that will make you feel like you have stepped into the pages of British history.It is one of the most famous historical landmarks in the country that is also the second most photographed monument in India.,83
35,Bandra Worli Sea Link,South Mumbai,Throughout the day,0 hrs,100,Officially known as Rajiv Gandhi Sea Link this eight-lane cable-stayed bridge in Mumbai is the first project initiated by Maharashtra Government that commences West Island Freeway System. Bandra Worli Sea Link is one of the few bridges that is a cable-stayed with pre-stressed concrete-steel viaducts to hold it in place. Spanning across the arc of Mumbai's coastline this sea link is a civil engineering wonder that reflects the modern infrastructure of the city of Mumbai. The bridge is designed to cater around 37500 vehicles per day while reducing the time travel between Bandra and Worli by a big margin. The beauty of the Bandra Worli Sea Link is in its engineering genius which compliments the sea that it is built over.,81
36,Fashion Street Mumbai,Fort Mumbai,11:00 AM - 8:00 PM,0 hrs,0,Latest trends a variety of clothes and the delicious aroma of street food is what Fashion Street in Mumbai is all about. One of the favourite shopping hubs for the people of Mumbai especially students the place offers some of the trendiest and latest fashion clothes at jaw-dropping bargains. Located near CST (Chhatrapati Shivaji Terminus) it offers an array of about 150 shops that sell a humongous variety of accessories and clothes. The sheer number of things on offer makes fashion street heaven for shopaholics.,74
37,Haji Ali Dargah,South Mumbai,6:00 a.m. - 10:00 p.m.,1 - 2 hours,0,Situated on the backdrop of a beautiful view of the Arabian sea is the shrine of Haji Ali dedicated to the wealthy merchant turned who gave up his worldly belongings and turned into Muslim Sufi saint after a trip to Mecca. Haji Ali Dargah is located on a small islet that is off the southern coast of Mumbai near Worli. People from all walks of life and religions come here to seek blessings. The Dargah can only be accessed during the low tides via a causeway that is surrounded by the sea on all sides. At night the view of the shrine lit up in the distance with nothing but the sea around it is a divine sight.,81
38,National Gallery of Modern Art Mumbai,Fort Mumbai,11:00 AM - 6:00 PM (Closed on Mondays and National Holidays),2-3 hrs,0,A paradise for art lovers National Gallery of Modern Art (NGMA) Mumbai is a famous art museum possessing a magnificent collection of paintings sculptures and artefacts since 1996. The multitude of artwork present in this charismatic gallery has drawn millions of visitors and left them awestruck. It is governed by the Department of Culture Government of India and has over the period become a popular tourist attraction as it very convincingly depicts the modification of artwork in the field of visual and plastic arts. A blend of art and culture this gallery houses the artworks of phenomenal sculptors artists and painters including the legendary Pablo Picasso who is considered as the epitome of art and painting. The oldest artwork is known to be around 160 years old. The ancient artefacts such as statues and mummies from Egypt have also a played a crucial role in rousing the curiosity of the visitors.,71
39,Siddhivinayak Temple,South Mumbai,05:30 AM - 10:00 PM,1 - 2 hours,0,The Siddhivinayak Temple in the Prabhadevi area is a revered shrine dedicated to Lord Ganesha and is one of the most significant and frequented temples in Mumbai. This temple was built in the year 1801 by Laxman Vithu and Deubai Patil. The couple did not have any children of their own and decided to build the Siddhivinayak temple so as to fulfil the wishes of other infertile women. Interestingly the statue of Lord Ganesha here is believed to be self-manifested and grants wishes.,79
40,Sanjay Gandhi National Park,Western Suburbs,National Park - 7:00 AM - 6:30 PM,,,,
41,National Museum of Indian Cinema,Mumbai,Tuesday to Sunday: 11:00 AM - 5:00 PM,,,,
42,Essel World,Western Suburbs,Monday - Friday: 10:00 AM - 7:00 PM,,,,
43,Mumbai Zoo,South Mumbai,9:00 AM - 6:00 PM,2-3 hrs,100,Formerly known as Ranichi Bagh meaning Queen's Gardens Jijamata Udyan is the only zoo in the city of Mumbai. Its former name is a depiction of the original British name Victoria Gardens.  Now it is also known as Veermata Jijabai Bhosale Udyan and Zoo named after the mother of Shivaji the hero of Maratha Empire. The zoo is located in the heart of the city in Byculla. Built in 1861 it is the only zoo of Mumbai and one of the oldest in India. In the zoo you can witness many wild animals in separate enclosures such as lion monkeys crocodiles elephants and many more.,70
44,Prince of Wales Museum,Fort Mumbai,10:15 AM - 5:00 PM Open on all days except Monday,3-5 hours,30,The Prince of Wales Museum is a splendid structure situated in Mumbai and is regarded to be one of the heritage buildings of the city. The foundation stone of this edifice was laid down by the Prince of Wales on the 11 November 1905 and it was established as a museum on 10 January 1922. The facade of the museum is a sight to behold in itself and sits in the midst of an expansive green garden. Adorned with stunning stone and lattice work the architecture of the Prince of Wales Museum is a blend of Indian Mughal and British engineering styles. Inside the museum holds almost 50000 of some of the most exquisite artefacts relating to the rich and diverse history of India.,78
45,Hanging Gardens,South Mumbai,5:00 AM - 9:00 PM,1-2 hrs,0,Hanging Garden is a terrace garden situated on top of the Malabar Hill right next to the Kamla Nehru Park. It overlooks the stunning Arabian Sea and was built in 1880 by Mr. Ulhas Ghapokar. The stunning gardens are dedicated to Barrister Pherozeshah Mehta and are also known as Pherozeshah Mehta Gardens. In fact when viewed from above one can clearly see the letter PMG spelt out in the gardens. The garden has impeccable animal shaped hedges and lush green vegetation along with a serene bird's eye view of the Arabian Sea.,72
46,Mumbai Street Food - 38 Places to Enjoy the Best Street Food in Mumbai,null,null,1-2 hrs,0,null,0
47,Film City Mumbai,Western Suburbs,10:00 AM - 5:00 PM,3-4 hours,1000,Spread across a vast area of 520 acres the Film City is comprised of about twenty indoor studios and is located in Aarey Colony Mumbai Film City is often regarded as a home of Bollywood. The place is so vast that about 1000 film sets can be erected here simultaneously. Over the years it has been the locations for a number of Bollywood films. Almost over 900 movies and many more television shows have also been shot here. Today Film City has grown to be one of the best film studios well-equipped with all the essential amenities and world-class facilities. Not only is it a great place for film shoots but it is also filled with verdant greenery and refreshing expanses.,70
48,Gateway of India,Fort Mumbai,Throughout the day,1- 2 hours,0,The Gateway of India is without doubt one of the most popular tourist hotspots of Mumbai. Sitting proudly on the Apollo Bunder it overlooks the Arabian Sea. It is one of the defining monuments of the city of Mumbai and was built in the year 1924. The construction was undertaken by the famous architect George Wittet to commemorate the visit of King George V and Queen Mary to Mumbai. The imposing structure of the monument is a beautiful confluence of Indian Arabic and Western architecture and has become a popular tourist hub in the city. It is also the starting point of a number of ferry services that ply to the historic Elephanta Caves.,89
49,Colaba Causeway,Colaba,,1- 2 hours,0,One of the most exciting and eclectic places to visit in Mumbai is the Colaba Causeway famous for being a shopper's paradise. Iconic at best ask any Mumbaikar and they will tell you that the Causeway is pretty much the heart of Mumbai. Resurgent even after the terror attack this shopping street stood up on its feet in no time. Apart from gorgeous clothes and accessories especially earrings you can also find great bargains on home decor stuff such as lampshades curios and antiques. If designer stuff is your calling there are a number of options for that as well. If you do feel like catching a bite and a beer there are a number of restaurants that offer great food and booze at very affordable prices and Cafe Leopold and Cafe Mondegar are pretty much the best!,77
50,Juhu Beach,Juhu,Anytime,1-2 hours,0,Juhu beach is the longest beach in Mumbai and the most popular among tourists as well. It is renowned for its wide variety of street food that has a typical Mumbai flavour and is sweet and sour. The surrounding area of Juhu is one of the poshest localities in Mumbai and is home to a lot of famous Bollywood and TV celebrities - the most famous being Amitabh Bachchan's bungalow - and it is not  rare to spot a celebrity jogging on the beach.,84
51,Marine Drive Mumbai,Fort Mumbai,Anytime,1-2 hours,0,Marine Drive is the most easily identifiable landmark associated with Mumbai and is indicative of the glamor and glitter of the city. It is essentially 3.6 km long arc-shaped boulevard along the South Mumbai coast that starts at the southern end of Nariman Point and ends at Girgaum Chowpatty popularly known as Chowpatty Beach. The coast wraps the Arabian sea and is the best place in Mumbai to watch the sunset or even to just take a leisurely stroll by the sea any time of the day or night. At night when the whole coastline lights up it justifies its other moniker i.e. Queen's Necklace.,104
52,Elephanta Caves,Mumbai,9:00 AM to 5:30 PM,4-5hours,10,A UNESCO World Heritage Site Elephanta Caves is a specimen of rock-cut art and architecture from the times of medieval India. The caves are located on the Elephanta or Gharapuri island which is situated at a distance of 11 km from the city of Mumbai. Natively known as Gharapurichi Leni the Elephanta Caves that exist today are ruins of what were once elaborately painted artworks. It also provides an amazing view of the Mumbai skyline. You can reach the Elephanta Caves via a ferry ride from Gateway of India. This collection of cave temples dates back to 5th to 7th centuries and most of them are dedicated to Lord Shiva.,75
53,Panju Island,Mumbai,,4-5hours,0,Panju Island is a lesser-known place located in the Vasai Creek in Palghar district. The island is used to connect the mainland of Vasai to another island Salsette. The place offers a stark contrast to modern-day living. With its ancient buildings and lifestyle salt pans mangrove forests the island is a dream-like destination for every curious travaller.,0
54,Arnala Fort,Mumbai,,4-5hours,0,Arnala Fort is an island fort that is situated just 8 miles north of Vasai near Mumbai in Maharashtra. Also known as Jaldurg or Janjire-Arnala the Arnala Fort was built by the Portuguese who formerly called it Ilha das vacas. As it is located away from the mainland on the quiet and secluded Arnala Island the place reverberates with serenity and tranquility and is therefore a major tourist attraction in the city. Flanked by the Arabian Sea the forlorn and desolate fort presents beauteous views of the surroundings- the ocean and the land.,0
55,Old Woman’s Island,Mumbai,,4-5hours,0,Mumbai city is supposed to be comprising of seven islands Old Woman’s Island (also known as Little Colaba) is one of these islands. The island was initially called as the Island of the Kolis i.e. the local fisherfolk who originally occupied the area. Till the late 18th century the area was governed by the Portuguese after which it was handed over to the British.,0
56,Worli Fort,Mumbai,,4-5hours,0,Located in the Worli neighborhood of Mumbai Worli Fort is an ancient defence fort that was built in around 1675. It is often mistaken to have been constructed by the Portuguese. But in reality it was built by the British as a defence fort as their strategy to lookout for enemy ships and pirates. Overlooking the Mahim Bay the fort offers some of the best views in the city and is visited by locals and tourists alike. In addition to that the monument has a built-in well a temple and ample viewpoints overlooking the vast sea.,0
57,Bandra Fort,Mumbai,6:00 AM - 6:30 PM,4-5hours,0,Also known as Castella de Aguada Bandra Fort is an ancient Portuguese Fort that is situated in Land’s End in the Bandra neighborhood of Mumbai. The fort lies several feet high from the average sea level at a height of 24 m. Besides being a major tourist spot in the region the fort has also been featured in several Bollywood films like Dil Chahta Hai and Buddha Mil Gaya. It is also frequented by couples and love birds who come here for photo and video shoots pre wedding shoots etc.,0
58,Dr. Bhau Daji Lad Museum,Mumbai,10:00 AM - 6:00 PM Closed on Wednesdays and Public Holidays,4-5hours,0,Situated in the Byculla neighborhood in Mumbai in close vicinity to the Byculla Zoo Dr. Bhau Daji Lad Museum is the oldest museum in town. First opened to the public in 1872 under the name of Victoria and Albert Museum the new name was given to it in 1975. It showcases the rich culture and heritage of the city through a collection of Fine and Decorative Arts. Among the permanent and most prominent collections in the museum are dioramas clay models lithographs photographs and books that document the life and times of olden days Bombay from the late eighteenth to the early twentieth century.,0
59,Cross Island,Mumbai,,4-5hours,0,Colloquially known as Chinal Tekdi Cross Island is located on the Mumbai Harbour in India. Sandwiched between Dockyard Road and Elephanta Island Cross Island boasts of immense beauty and sparse population. Among the few structures located on the island you can find an oil refinery several large gas holders and gorgeous remains of a ruined fort. Cross Island is located around 400 m from Ferry Wharf and can be reached in a speed boat or ferry.,0
60,Salsette Island,Mumbai,,4-5hours,0,Located on the Western Coast of India in the state of Maharashtra Salsette Island is one of the most densely populated islands in the world. The island houses the busy metropolis of Bombay Thane and Mira- Bhayandar and is also known to be one of the most populous islands with a population of around 15.1 million on a relatively small area of 619 square kms. The island is covered by water on all sides- Vasai Creek to the north Ulhas River on the northeast Thane Creek and Bombay Harbour on the East and Arabian Sea on the south and the west. The island is blessed with numerous lakes bays and rivers.,0
61,Dharavi,Mumbai,null,4-5hours,0,Dharavi in Mumbai is the largest slum in India second to Orangi Township in Karachi which is the largest slum in Asia and forth to the largest slum in the world in Mexico. With an area of mere 2.1 km square Dharavi is a hub for several commercial activities and home to a whopping population of 700000 to 1000000. However it is not because of the slum's extreme poverty that the place has got recognition all over the world. People over at Dharavi work tirelessly to make sure the city of Mumbai functions effectively. If you were to remove Dharavi from Mumbai the city would completely collapse. And why would it not? Dharavi houses lanes and lanes of commercial units like waste segregation fabric dyeing leather production and many more. To give you a perspective there are about 15000 single room factories and 7000 industries all in an area of just over 2 km square.,0
62,Chor Bazaar Mumbai,Mumbai,11:00 AM to 07:30 PM IST (Closed on Fridays),3- 4 Hours,0,Chor Bazaar is one of the largest markets and one of the famous attractions in Mumbai Maharashtra. Also known as the biggest flea market in the country Chor Bazaar has a legend associated with it. People say if one loses anything in the city they can buy it back at this Bazaar. The sellers mostly deal second-hand goods but yes there would be some items that have been stolen. It is a bustling marketplace with shops and kiosks installed very close to one another on narrow lanes.,0
63,Shaar Hashamaim,Mumbai,,1 hr,0,Situated in Thane West in Mumbai Shaar Hashamaim is also known as Gate of Heaven Synagogue. It was consecrated in 1879 and was further restored and renovated in 1999. After the beautification the two-storeyed synagogue looks more wonderful than ever.,0
64,Shaar Rason Synagogue,Mumbai,,1 hr,0,Situated in Pydhonie Mandvi in Mumbai Shaar Rason Synagogue is a relatively small synagogue which was consecrated in 1843. The exteriors are elegant and the interiors are adorned with various kinds of ceiling fans glass lanterns and lighting fixtures.,0
65,Tiphereth Israel Synagogue,Mumbai,,1 hr,0,Situated in the Kasturba Complex Jacob Circle in Mumbai Tiphereth Israel Synagogue was initially established as a prayer hall in 1886. However the growing Jewish population demanded a bigger building so in 1923 the prayer hall was remodelled and the current building was consecrated as a synagogue. Known to be one of the biggest and the most active synagogue in the city. The synagogue is called 'Kandlekaranchi Mashid' (Kandlekar's Synagogue) in the local Marathi language on the name of Late Mr. Aaron Benjamin Kandlekar. He was one of the active Jewish members who helped raise a considerable amount of fund for the construction of the synagogue. Currently the synagogue maintains an active status and is attended by a small yet regular group of devotees. There are regular prayer meets and daily Sabbaths held at the synagogue.,0
66,Shaar Harahamim Synagogue,Mumbai,,1 hr,0,Shaar Harahamim Synagogue is another one of the remaining synagogues in Mumbai situated in Masjid Bandar. The synagogue was consecrated in 1796 and was demolished and reconstructed once in 1860. The new building has two floors and is made of chunam or plaster of polished lime and sand.,0
67,Magen Hassidim Synagogue,Mumbai,,1 hr,0,Magen Hassidim Synagogue is situated on Morland Road in Agnipada Mumbai. The synagogue was consecrated in 1931 and is one of the biggest of its kind in the city. The two-storey classical-inspired stone columns and casement windows.,0
68,Magen David Synagogue,Mumbai,,1 hr,0,Located in Byculla in South Mumbai Magen David Synagogue is a Jewish synagogue that was consecrated in 1864. Boasting of a Victorian style architecture the building was constructed by David Sassoon for the Baghdadi Jewish population that had fled their territory to escape the wrath and torture of their governor. The original synagogue was considerably smaller in size- so when the Jewish popular increased in number by 1910 the synagogue could not be of proper service to the entire population. The area was then extended with the help of Jacob Sassoon (grandson of David Sassoon) and now it is one of the largest synagogues in Asia outside of Israel. Boasting of a vibrant bright blue building the synagogue also has stained glass windows and huge full frontal columns to flaunt of. It also has an enormous distinguishable clock tower that is clearly visible in the hustling area of Bombay. The synagogue holds regular morning services and prayers Sabbath and Shulchan breakfast which is attended by a fairly high number of believers. The synagogue is open to visit by all religions.,0
69,Knesset Eliyahoo,Mumbai,,1 hr,0,Knesset Eliyahoo also known as Knesset Eliyahu is the second oldest orthodox Jewish synagogue in Mumbai. Established in 1884 the building is located in Colaba and the exterior facade is painted turquoise.,0
70,Gate of Mercy Synagogue,Mumbai,,1 hr,0,Also known as Gate of Mercy Synagogue and Juni Masjid Shaar Harahamim Synagogue is the oldest synagogue in Mumbai which was established in 1796 by Samaji Hasaji Divekar. Originally the synagogue was built near Esplanade in South Mumbai but was later remodelled and relocated to Mandvi in 1860. The synagogue although has a small congregation yet it maintains an active 6:00 AM service daily. With a capacity to accommodate 300 devotees Gate of Mercy maintains an active status amidst the bustling neighborhood of Bombay and on special holy days the number of worshippers exceeds the limit. The synagogue also has Mikvah (bath) where the devotees can cleanse and purify themselves of sins. Besides the interior walls of the building are adorned with Stars of David which were added in the 1990s and a distinguished inscription  mark. The neighbourhood around the synagogue is also colloquially called Israeli Mohalla.,0
71,Shiro Mumbai,Mumbai,12:30 PM - 1:00 AM,1 - 2 hrs,1500,Located in Worli in Mumbai Shiro is a bar cum restaurant which is popular for its delectable Pan- Asian cuisine and amazing concoctions and innovative cocktails. Boasting of quaint decor and Japanese style setting the highlight of the two storeyed restaurant is the magnanimous Buddha statue. The ground floor is essentially the dining area that can be converted into private dining space on request for gatherings and private events. But the first floor has rich Teppanyaki stations. The speciality of the restaurant is its mouth watering sushi makimonos and rolls; however the restaurant also masters in Japanese Asian Malaysian and Thai cuisines.,0
72,AER,Mumbai,5:30 PM - 1:30 AM,1 - 2 hrs,2000,Located on the 34th floor of the Four Seasons Hotel in Worli AER is one of the best rooftop party lounge in Mumbai. Boasting of plush interiors and overwhelming ambience the restaurant also offers astounding panoramic vistas of the city’s skyline. The lounge has just the right kind and quality of music; you can choose to shake a leg to it or just enjoy it with good drinks and amidst good conversations. The glass walls luminous furniture and contemporary seating add to the charm of the place and so does the exuberant saucer shaped bar. Besides amazing concoctions and cocktails the place also boasts of delectable finger food to suit your taste. The dress code to be followed is smart casuals and a cover charge is applicable on the weekends.,0
73,Cafe Palm Atlantis,Mumbai,,1 - 2 hrs,0,Cafe Palm Atlantis is situated in Vashi Mumbai and has been designed to look like the Atlantis The Palm' in Dubai. With its plush interiors and fine dine wine atmosphere it is a top pick among the city dwellers. The club plays offers a mix of American Indian and European cuisines.,0
74,Rude Lounge,Mumbai,11:30 AM - 12:30 AM,1 - 2 hrs,0,Rude Lounge started in Bombay from the Belapur outlet and now has become a rage not only in B-town but also in the neighboring cities with six distinct outlets in Powai Malad Ulhasnagar and finally at Pune in Vimannagar and Hinjewadi. It boasts of an elite decor with neon lights posh setting wooden furnishings and an extravagant dance floor. Besides the amazing concoction of spirits and alcohol the bar also has amazing music to groove your feet on ranging from Bollywood to Retro Pop Progressive and Rock depending on the day of the week. Several high end DJs are invited to play for the same. It has a full fledged multi cuisine menu boasting of delicious dishes from all around the world; the finger food is especially mouth watering and should definitely be relished.,0
75,Independence Brewing Company,Mumbai,1:00 PM - 1:00 AM,1 - 2 hrs,0,Situated on the New Link Road in Mumbai Independence Brewing Company is one of the largest microbreweries in India that opened its gates for Mumbai after establishing a name for itself in the neighbouring town of Pune. Founded by Shailendra Bist & Avanish Vellanki the beer company is a unique initiative that caters to beer lovers with its comprehensive and elaborate varieties of gourmet craft beers across numerous global brew styles. Alongside this wide variety and choice of several new styles the pub also has live screenings of sports and games like football and cricket matches etc. Considered a haven for beer connoisseurs the indoor seating has picnic like benches giving the entire place an extremely charming yet casual look. The outdoors although have been done up tastefully in fairy lights and other exorbitant decor to lure the young couples and for perfect fancy dates.,0
76,Cavalry The Lounge,Mumbai,3:00 PM - 3:00 AM,1 - 2 hrs,0,Situated in the premises of the Heera Panna Shopping Mall in Powai in Mumbai Cavalry The Lounge is one of the premium fine wine and dine places in the B- Town. Flaunting exuberant interiors and posh setting and plush upholstery the place also boasts of sumptuous delicacies and amazing concocted drinks and cocktails both signature and classic. The indoor setting is lit with magnanimous chandeliers and chic party decor. Besides the entire place is adorned with hundreds and thousands of glass and crystal pieces synonymous with luxury and poise. In addition to that the pub has a capacity of around 200 people and it is known to host high end parties for both the youngsters and the adults. The food is prepared by expert in-house masterchefs; their speciality being Indian Fusion food Continental Mexican and Chinese.,0
77,Rodeo Drive Bar and Grill Mumbai,Andheri,6:00 PM - 1:30 AM,1 - 2 hrs,3000,Reverberating with a Mexican vibe the American Bar and Grill under the name of Rodeo Drive is situated inside the premises of Peninsula Redpine in Marol in Mumbai. Replete with old world charm of the countryside rodeos in the US the club encourages its guests to follow the dress code of exuberant cowboy boots and bandanas. Besides the perky theme and funky and cheerful music that reminds one of the olden days clubs bustling with laughter and excitement the place also has an arrangement of exciting games and activities like Beer Pong Flip Cup Quarters and the very illustrious raging Mechanical Bull. The club follows a retro party theme and a full blown wine and dine menu to serve to both your food and drinks needs. In addition to that the groovy music bombasting the dance floor is sure to make you dance to its tunes.,0
78,We VIP,Andheri,Time Required : 1 - 2 hrs,1 - 2 hrs,0,Situated in Lokhandwala We VIP is a new club in Mumbai. The club specializes in hip- hop trance and EDM music. Besides it has a swanky psychedelic lighting and invites international DJs. The club stays especially crowded on weekends.,0
79,Neos Mumbai,Mumbai,7:00 PM - 3:00 AM,1 - 2 hrs,0,Tucked inside the Phoenix Mall City in Mumbai Neos is a vibrant and thrilling club which stays especially crowded and overbooked on the weekends. The cosy bar has flashy neon lights a classy dance floor and great music.,0
80,Hymus Resto Bar,Andheri,11:00 AM to 10:00 PM IST (Open all days of the week),1 - 2 hrs,600,Hymus Resto Bar is situated in Andheri West in Mumbai and is a dainty quaint cafe serving amazing food. The resto bar also has a club with a jazzy dance floor where you can groove to swanky music. Besides the live gigs and karaoke nights it also has an outdoor seating.,0
81,Kitty Su,Andheri,10:00 PM onwards,1 - 2 hrs,0,Located in the suburban region of Andheri East Kitty Su is a nightclub in The Lalit Mumbai Hotel. It is considered to be one of the best places to party in Mumbai although preferences might differ. Kitty Su is probably the only or one of the few places in Mumbai that welcome the members of the LGBT community with open arms. The nightclub is famous for a wide range of drinks they serve and live gigs too. Most visitors find the bar staff to be entertaining polite and efficient. They have unique recipes to make some delicious cocktails and mocktails. Thus this place draws those who know their poison of choice and those who are always on the lookout for a great spot to party and hangout. The price range is a little on the higher side but the socialites are sure to have fun at Kitty Su.,0
82,Trilogy Super Club,Andheri,10:30 PM to 03:00 AM IST,1 - 2 hrs,1500,Trilogy Super Club is a famous club in Juhu a western suburb of Mumbai city. Its location right on the Juhu Beach draws fun lovers in quite a number. Those looking to really rock the night or enjoy a relaxed evening can head to the Trilogy Super Club if they are in this part of Mumbai. The club was initially known as “Trilogy” which was shut some time back for renovation and when it was reopened with a contemporary look and vibe it was renamed as “Trilogy Super Club”. The club occupies two levels in the hotel one has the bar and the dance floor while the second has the lounge area. They maintain a separate smoking room also.,0
83,Play The Lounge,Mumbai,12:30 PM - 1:00 AM,1 - 2 hrs,0,Play – The Lounge is located within the premises of Kamala Mill Compound in Lower Parel Mumbai. It is famous amongst party animals who visit the lounge for a good variety of drinks delicious food and different genres of lounge music. Those seeking something happening in life can expect to groove to a different DJ every week at Play – The Lounge. The ambience is contemporary with shimmering ceiling lights a large modern lounge area with tall tables chairs and comfortable sofas that can accommodate couples we well as small and large groups. From the menu one can choose between Asian Italian and American cuisine. There are dishes to compliment every drink they serve at the lounge.,0
84,Wink Bar Mumbai,Mumbai,6:00 AM - 1:00 AM,1 - 2 hrs,0,Wink is one of the most glamorous lounge bars in Mumbai and is referred to as one of the best bars in India. It is of the luxurious Taj President Hotel. It was once known as the Library Bar and is now a chic popular nightspot for those who enjoy the nightlife. During the weekdays it is a perfect spot for relaxing and having a drink or two as it is quiet during the week. However during the weekend it gets packed and the crowd is set to dance to the rhythm of the DJ. Although the DJ tends to play an amalgamation of Bollywood and upbeat English songs the Bollywood nights conducted by the place tends to attract an audience.,0
85,Infiniti Mall,Mumbai,10:00 AM - 11:00 PM,1 - 2 hrs,0,Infiniti Mall was launched in the year 2004 in Andheri. This mall is located at Oshiwara Linking Road in Andheri (West). It stands tall with 65 stores PVR cinemas that is a six-screen multiplex a spread-out food court that houses some of the most famous eateries (KFC Burger King McDonald’s Subway etc.) and a family entertainment centre. Compared to its counterpart in Malad it is a smaller mall covering 310000 sq ft.,0
86,Phoenix MarketCity,Mumbai,11:00 AM - 12:00 AM,1 - 2 hrs,0,Opened in 2011 Phoenix Marketcity is the largest shopping mall in Mumbai. It is situated in Kurla and is spread across 4.1 million sq ft with 2.1 million sq ft of retail area. The mall houses over 600 international and national stores over 100 restaurants and PVR Cinemas which has 14 screens. It is one of the most popular mall complexes in the city.,0
87,Jogeshwari Caves,Andheri,6AM - 6PM,1 - 2 hrs,200,Located in the heart of Mumbai Jogeshwari Caves are one of the oldest cave temples in the whole of India and also the largest. These former Buddhist caves date back to the 6th century and have been home to Hindu and Buddist sculptures. There are various temples of Lord Hanuman Shiva Ganesha and of Goddess Jogeshwari (known as Kuladevi) within the caves and many locals worship them. The Jogeshwari Caves are popular amongst those with an eye for architectural beauty. The beautiful sculptures and the history that the place holds make them a must-visit for any history-lover.,0
88,Mandapeshwar Caves,Mumbai,24 hrs,1 - 2 hrs,0,Situated near Borivali West in Mumbai Mandapeshwar Caves are 8th Century rock-cut shrine which are dedicated to the Hindu God - Shiva. Initially the caves were Buddhist Viharas some time later they were occupied by the Brahmans. Currently they are a popular tourist site.,0
89,Bhagirath Falls,Mumbai,24 hrs,1 - 2 hrs,0,Situated at a distance of 68 kms from Mumbai in Vangani Bhagirath Falls is one of the most picturesque and enchanting waterfalls near the city. Also known as Vangani Falls among the localites the spot is a pretty popular sightseeing place in the city.,0
90,Pandavkada Falls,Navi Mumbai,24 hours,1-2 hours,0,Pandavkada Falls is a 107 metres tall waterfall near Mumbai. It is a plunge type waterfall that flows through the mountains of the Western Ghats of Mumbai and cascades down with immense speed over rock formations underneath. It takes about 3 hours to reach the waterfall from Mumbai and barely an hour and a half from Navi Mumbai during low traffic situations. So this attraction is quite preferred for a short trek or a day-long picnic especially during the monsoon season when the mountains are covered with dense natural vegetation and provide for a beautiful escape from the routine. Reaching the waterfall during the rainy season is a thrill that calls amateur adventurers too.,0
91,Maharashtra Nature Park,Dharavi,Monday to Friday - 9:00 AM - 8:00 PM Saturday and Sunday - 7:30 AM - 7:30 PM,1 - 2 hrs,10,Situated opposite the bus stop in Dharavi Mumbai Maharashtra Nature Park is one of the most green spaces in the city. The park is the wonderful reformation of a dumping ground in 1994. The gorgeous park now boasts of more than 12000 trees in the premises.,0
92,BMC Forest Theme Garden,Western Suburbs,6:00 AM - 11:00 AM and 4:30 PM - 9:30 PM,1 - 2 hrs,0,Situated behind the Inorbit Mall in Malad suburb of Mumbai BMC Forest Theme Garden is wonderful mini forest created artificially. Boasting of 3000+ varieties of trees a lake lotus pond a beautiful butterfly garden etc. The park remains especially crowded due to its beautiful aesthetics and green surroundings.,0
93,Chota Kashmir - Aamchi Mumbai's Kashmir Connection,null,null,2 - 2 hrs,0,NA,0
94,Shivaji Park,South Mumbai,5:30 AM - 7:30 PM,1 - 2 hrs,0,Situated in Dadar Mumbai Shivaji Park is one of the largest parks in the city. Besides the very famous massive statue of Shivaji the park also houses an enormous cricket ground which hosts local cricket and football matches.,0
95,Horniman Circle Garden,South Mumbai,10:00 AM - 7:30 PM,1 - 2 hrs,0,Horniman Circle Gardens is a well-known attraction for rejuvenation activities. Locals living nearby often head to the gardens for their morning and evening jogs/ walks. The place has well-maintained jogging tracks pavements lawns with a decent number of trees. The attraction also houses a kid’s play area where visitors can let their children have fun. Along with the landscape visitors can also witness the posh area that the garden is located in. There are old and new buildings like the Asiatic Library Elphinstone Building the Garden Cathedral etc. in and around the Gardens. Their magnificent architecture belongs to varied decades and makes this part of the city a suitable place for architecture buffs and photographers.,0
96,Joggers Park,Bandra,5:30 AM - 9:00 AM and 3:30 PM - 9:00 PM,1 - 2 hrs,0,As the name suggests Joggers Park is a fabulous place for morning/ evening jogs and walks. But the place is bustling with visitors almost throughout the day. Visitors can explore the well-landscaped park that consists of tall and dense trees shrubbery lawns with well-kept walkways water bodies with ducks and fishes and a scenic view of the Arabian Ocean. In a metro like Mumbai where concrete and buildings are all one can see Joggers Park is an oasis that must not be missed.,0
97,Suraj Water Park,Thane,10:00 AM - 6:00 PM,3 - 4 hrs,650,Suraj Water Park is a theme park in Thane. It was conceptualized by Arun Kumar Muchhalla who is the chairman of Muchhalla Magic Land Pvt Ltd and the owner of the water park. White Water West Industries Canada designed this theme park over 11-acre land in the city. This park has the longest tunnel in the continent which is made using fibreglass. It has a museum where there are a number of genuine ancient locks. The water park also has 16 slides including a rainbow slide a waterfall which is Asia’s largest artificial waterfall and a village themed section called Surajgadh. The park also has locker facilities (rent and deposit charges are applicable) where visitors can keep their belongings.,0
98,Vardhaman Fantasy Amusement Park,Thane,9:00 AM - 9:00 PM,2 - 4 hrs,0,Vardhaman Fantasy Amusement Park is a relatively new park constructed in Mumbai. The highlight of the park are the seven charming zones that it is divided into - Texas Cowboy Greek Village Colo Theatrum Viva Las Vegas Wonders of the World Lake Venetia and Spanish food. Besides the wonderful setting and construction the park also has a massive food court facilitates boasting and has thrill rides for both adults and kids.,0
99,Water Kingdom,Western Suburbs,10:30 AM - 6:30 PM,3 - 4 hrs,699,Believed to be Asia's largest theme water park the Water Kingdom is an enormous family-friendly water cum amusement park in Mumbai. Boasting of a number of small and large pools and featuring speed modulated slides pool waves lazy river etc the park is a big hit among the kids and the adults. In addition to that you can also opt for a fish pedicure on the premises. For kids and adults like the Water Kingdom is a welcome respite from the heat and hassles of Mumbai.,0
100,Snow World Mumbai,Mumbai,11:00 AM - 10:00 PM,2 - 3 hrs,400,A fascinating relief from the infamous heat and humidity of Mumbai Snow World is a one-of-a-kind snow theme park located in Phoenix Market City of Kurla Mumbai. It is the perfect destination for you and your family to spend a day skating and sledging on ice throwing snowballs at each other and enjoy the very realistic snowfall in the Snow Dance arena. To go with the theme of the park and to provide guests with a very authentic feel of land covered in snow the temperature is kept at -10°C - an exciting contrast from the weather conditions Mumbai gets even in winter.,0
101,Smaaash Mumbai,South Mumbai,11:00 AM - 12:30 AM,2 - 3 hrs,675,A one of its kind entertainment hub in Lower Parel area of Mumbai Smaaash is one of the best destinations for a fun day outing in the City of Dreams. Smaaash has taken video gaming to a whole new level of excitement and expertise with a fun culmination of sports music virtual reality simulation technology and creative digital designing. Launched in 2012 by the biggest sportsperson India has ever had Sachin Tendulkar who also happens to be their brand ambassador Smaaash has now spread across all over the country with outlets in cities like Bangalore Gurgaon Hyderabad and Siliguri.,0
102,Yazoo Park,Mumbai,11:00 AM - 9:00 PM,3 - 4 hrs,500,Located in the outskirts of Mumbai Yazoo Park is a lovely amusement park spread over and area of 12 acres catering to all and every age starting right from the tiny tots to veteran gamers. This bonafide wonderland is a perfect destination for those who want to get out of the crowd of the city and spend a day somewhere quieter and closer to nature but also do not want to miss out on the plethora of rides and recreations that any premier amusement park would offer.,0
103,Adlabs Imagica,Mumbai,Weekdays - 11:00 AM - 8:00 PM; Weekends - 11:00 AM - 9:00 PM,3 - 4 hrs,1200,Endearingly known as India's Disneyland Adlabs Imagica is the largest theme park of the country situated in Mumbai. Inaugurated in 2013 and sprawling over a humongous area of 300 acres the Adlabs Imagica is a one stop destination for all water cum adventure activities. Besides it also boasts of a plethora of restaurants and club both for luxury dining and binge eating.,0
104,Vasind,Mumbai,24 hrs,1 - 2 days,0,Vasind is an upcoming town of Maharashtra located on the banks of River Bhatsa and enveloped by hills. The dainty township is just 60 kms away from Mumbai and is well connected to the metro city through Vasind Railway Station and Mumbai Suburban Railway System. Popular for its well architectured temples verdant green hills and beautiful hills Vasind also has an established market proper sanitation facilities and adequate water supply. Hence most people scutter from the crowded metro city to spend some time amidst nature exploring the ruins of old fortresses and trekking their ways up the forest and the hills.,0